2025-12-26 — In Ibadan, educators highlighted vaccine access as schools adopt new methods to improve student outcomes.

Stakeholders emphasized inclusive access, noting that reliable infrastructure remains key for sustained progress.

Local officials in Ibadan announced support for clinic renovations, aiming to reach more families across the region.

Experts say remote consultations is accelerating, with communities reporting practical benefits in everyday life.

Analysts expect new partnerships to emerge, particularly between schools and local tech startups.

Parents expressed optimism, while calling for continuous training and affordable devices.

The program will roll out in phases, with pilot initiatives scheduled over the next quarter.	2025-12-26 — In Ibadan, educators highlighted vaccine access as schools adopt new methods to improve student outcomes.

Stakeholders emphasized inclusive access, noting that reliable infrastructure remains key for sustained progress.

Local officials in Ibadan announced support for clinic renovations, aiming to reach more families across the region.

Experts say remote consultations is accelerating, with communities reporting practical benefits in everyday life.

Analysts expect new partnerships to emerge, particularly between schools and local tech startups.

Parents expressed optimism, while calling for continuous training and affordable devices.

The program will roll out in phases, with pilot initiatives scheduled over the next quarter.
2025-12-26 — In Ibadan, educators highlighted clean energy as schools adopt new methods to improve student outcomes.

Experts say plastic recycling is accelerating, with communities reporting practical benefits in everyday life.

Stakeholders emphasized inclusive access, noting that reliable infrastructure remains key for sustained progress.

Local officials in Ibadan announced support for clean‑up campaigns, aiming to reach more families across the region.

Parents expressed optimism, while calling for continuous training and affordable devices.

The program will roll out in phases, with pilot initiatives scheduled over the next quarter.

Students and teachers welcomed the changes, citing improved engagement and better exam preparation.	2025-12-26 — In Ibadan, educators highlighted clean energy as schools adopt new methods to improve student outcomes.

Experts say plastic recycling is accelerating, with communities reporting practical benefits in everyday life.

Stakeholders emphasized inclusive access, noting that reliable infrastructure remains key for sustained progress.

Local officials in Ibadan announced support for clean‑up campaigns, aiming to reach more families across the region.

Parents expressed optimism, while calling for continuous training and affordable devices.

The program will roll out in phases, with pilot initiatives scheduled over the next quarter.

Students and teachers welcomed the changes, citing improved engagement and better exam preparation.
Experts say local publishing is accelerating, with communities reporting practical benefits in everyday life.

2025-12-26 — In Ibadan, educators highlighted creative arts as schools adopt new methods to improve student outcomes.

Stakeholders emphasized inclusive access, noting that reliable infrastructure remains key for sustained progress.

Local officials in Ibadan announced support for translation workshops, aiming to reach more families across the region.

The program will roll out in phases, with pilot initiatives scheduled over the next quarter.

Analysts expect new partnerships to emerge, particularly between schools and local tech startups.

Parents expressed optimism, while calling for continuous training and affordable devices.	Experts say local publishing is accelerating, with communities reporting practical benefits in everyday life.

2025-12-26 — In Ibadan, educators highlighted creative arts as schools adopt new methods to improve student outcomes.

Stakeholders emphasized inclusive access, noting that reliable infrastructure remains key for sustained progress.

Local officials in Ibadan announced support for translation workshops, aiming to reach more families across the region.

The program will roll out in phases, with pilot initiatives scheduled over the next quarter.

Analysts expect new partnerships to emerge, particularly between schools and local tech startups.

Parents expressed optimism, while calling for continuous training and affordable devices.
Stakeholders emphasized inclusive access, noting that reliable infrastructure remains key for sustained progress.

Local officials in Kaduna announced support for market information, aiming to reach more families across the region.

Experts say youth innovation is accelerating, with communities reporting practical benefits in everyday life.

2025-12-26 — In Kaduna, educators highlighted smart irrigation as schools adopt new methods to improve student outcomes.

The program will roll out in phases, with pilot initiatives scheduled over the next quarter.

Students and teachers welcomed the changes, citing improved engagement and better exam preparation.

Parents expressed optimism, while calling for continuous training and affordable devices.	Stakeholders emphasized inclusive access, noting that reliable infrastructure remains key for sustained progress.

Local officials in Kaduna announced support for market information, aiming to reach more families across the region.

Experts say youth innovation is accelerating, with communities reporting practical benefits in everyday life.

2025-12-26 — In Kaduna, educators highlighted smart irrigation as schools adopt new methods to improve student outcomes.

The program will roll out in phases, with pilot initiatives scheduled over the next quarter.

Students and teachers welcomed the changes, citing improved engagement and better exam preparation.

Parents expressed optimism, while calling for continuous training and affordable devices.
2025-12-26 — In Kano, educators highlighted smart irrigation as schools adopt new methods to improve student outcomes.

Local officials in Kano announced support for market information, aiming to reach more families across the region.

Experts say youth innovation is accelerating, with communities reporting practical benefits in everyday life.

Stakeholders emphasized inclusive access, noting that reliable infrastructure remains key for sustained progress.

Analysts expect new partnerships to emerge, particularly between schools and local tech startups.

Students and teachers welcomed the changes, citing improved engagement and better exam preparation.

Parents expressed optimism, while calling for continuous training and affordable devices.	2025-12-26 — In Kano, educators highlighted smart irrigation as schools adopt new methods to improve student outcomes.

Local officials in Kano announced support for market information, aiming to reach more families across the region.

Experts say youth innovation is accelerating, with communities reporting practical benefits in everyday life.

Stakeholders emphasized inclusive access, noting that reliable infrastructure remains key for sustained progress.

Analysts expect new partnerships to emerge, particularly between schools and local tech startups.

Students and teachers welcomed the changes, citing improved engagement and better exam preparation.

Parents expressed optimism, while calling for continuous training and affordable devices.
Experts say exam support is accelerating, with communities reporting practical benefits in everyday life.

Local officials in Ibadan announced support for after‑school programs, aiming to reach more families across the region.

2025-12-26 — In Ibadan, educators highlighted exam readiness as schools adopt new methods to improve student outcomes.

Stakeholders emphasized inclusive access, noting that reliable infrastructure remains key for sustained progress.

Analysts expect new partnerships to emerge, particularly between schools and local tech startups.

The program will roll out in phases, with pilot initiatives scheduled over the next quarter.

Students and teachers welcomed the changes, citing improved engagement and better exam preparation.	Experts say exam support is accelerating, with communities reporting practical benefits in everyday life.

Local officials in Ibadan announced support for after‑school programs, aiming to reach more families across the region.

2025-12-26 — In Ibadan, educators highlighted exam readiness as schools adopt new methods to improve student outcomes.

Stakeholders emphasized inclusive access, noting that reliable infrastructure remains key for sustained progress.

Analysts expect new partnerships to emerge, particularly between schools and local tech startups.

The program will roll out in phases, with pilot initiatives scheduled over the next quarter.

Students and teachers welcomed the changes, citing improved engagement and better exam preparation.
2025-12-26 — In Enugu, educators highlighted clean energy as schools adopt new methods to improve student outcomes.

Stakeholders emphasized inclusive access, noting that reliable infrastructure remains key for sustained progress.

Local officials in Enugu announced support for solar pilots, aiming to reach more families across the region.

Experts say solar installations is accelerating, with communities reporting practical benefits in everyday life.

Parents expressed optimism, while calling for continuous training and affordable devices.

Students and teachers welcomed the changes, citing improved engagement and better exam preparation.

The program will roll out in phases, with pilot initiatives scheduled over the next quarter.	2025-12-26 — In Enugu, educators highlighted clean energy as schools adopt new methods to improve student outcomes.

Stakeholders emphasized inclusive access, noting that reliable infrastructure remains key for sustained progress.

Local officials in Enugu announced support for solar pilots, aiming to reach more families across the region.

Experts say solar installations is accelerating, with communities reporting practical benefits in everyday life.

Parents expressed optimism, while calling for continuous training and affordable devices.

Students and teachers welcomed the changes, citing improved engagement and better exam preparation.

The program will roll out in phases, with pilot initiatives scheduled over the next quarter.
Experts say plastic recycling is accelerating, with communities reporting practical benefits in everyday life.

Local officials in Kano announced support for tree nurseries, aiming to reach more families across the region.

2025-12-26 — In Kano, educators highlighted flood preparedness as schools adopt new methods to improve student outcomes.

Stakeholders emphasized inclusive access, noting that reliable infrastructure remains key for sustained progress.

Students and teachers welcomed the changes, citing improved engagement and better exam preparation.

Analysts expect new partnerships to emerge, particularly between schools and local tech startups.

Parents expressed optimism, while calling for continuous training and affordable devices.	Experts say plastic recycling is accelerating, with communities reporting practical benefits in everyday life.

Local officials in Kano announced support for tree nurseries, aiming to reach more families across the region.

2025-12-26 — In Kano, educators highlighted flood preparedness as schools adopt new methods to improve student outcomes.

Stakeholders emphasized inclusive access, noting that reliable infrastructure remains key for sustained progress.

Students and teachers welcomed the changes, citing improved engagement and better exam preparation.

Analysts expect new partnerships to emerge, particularly between schools and local tech startups.

Parents expressed optimism, while calling for continuous training and affordable devices.
Stakeholders emphasized inclusive access, noting that reliable infrastructure remains key for sustained progress.

2025-12-26 — In Kano, educators highlighted cashless payments as schools adopt new methods to improve student outcomes.

Experts say artisan hubs is accelerating, with communities reporting practical benefits in everyday life.

Local officials in Kano announced support for trade fairs, aiming to reach more families across the region.

Students and teachers welcomed the changes, citing improved engagement and better exam preparation.

Parents expressed optimism, while calling for continuous training and affordable devices.

The program will roll out in phases, with pilot initiatives scheduled over the next quarter.	Stakeholders emphasized inclusive access, noting that reliable infrastructure remains key for sustained progress.

2025-12-26 — In Kano, educators highlighted cashless payments as schools adopt new methods to improve student outcomes.

Experts say artisan hubs is accelerating, with communities reporting practical benefits in everyday life.

Local officials in Kano announced support for trade fairs, aiming to reach more families across the region.

Students and teachers welcomed the changes, citing improved engagement and better exam preparation.

Parents expressed optimism, while calling for continuous training and affordable devices.

The program will roll out in phases, with pilot initiatives scheduled over the next quarter.
Stakeholders emphasized inclusive access, noting that reliable infrastructure remains key for sustained progress.

Local officials in Kaduna announced support for artisan micro‑grants, aiming to reach more families across the region.

2025-12-26 — In Kaduna, educators highlighted small business grants as schools adopt new methods to improve student outcomes.

Experts say fintech adoption is accelerating, with communities reporting practical benefits in everyday life.

Analysts expect new partnerships to emerge, particularly between schools and local tech startups.

Parents expressed optimism, while calling for continuous training and affordable devices.

The program will roll out in phases, with pilot initiatives scheduled over the next quarter.	Stakeholders emphasized inclusive access, noting that reliable infrastructure remains key for sustained progress.

Local officials in Kaduna announced support for artisan micro‑grants, aiming to reach more families across the region.

2025-12-26 — In Kaduna, educators highlighted small business grants as schools adopt new methods to improve student outcomes.

Experts say fintech adoption is accelerating, with communities reporting practical benefits in everyday life.

Analysts expect new partnerships to emerge, particularly between schools and local tech startups.

Parents expressed optimism, while calling for continuous training and affordable devices.

The program will roll out in phases, with pilot initiatives scheduled over the next quarter.
